,pk,username
1,takhar38,
2,beautyfyacademy0,
3,tehranboardgame,
4,gonchdavtyanmonch,
5,saraahmed88851,
6,abbasakbari10010,
7,takhar38,
8,beautyfyacademy0,
9,tehranboardgame,
10,gonchdavtyanmonch,
11,saraahmed88851,
12,abbasakbari10010,
13,takhar38,
14,beautyfyacademy0,
15,tehranboardgame,
16,gonchdavtyanmonch,
17,saraahmed88851,
18,abbasakbari10010,
19,tahora79gh,
20,takhar38,
21,beautyfyacademy0,
22,tehranboardgame,
23,gonchdavtyanmonch,
24,saraahmed88851,
25,abbasakbari10010,
26,tahora79gh,
27,i_z_i_z_i_z,
28,takhar38,
29,beautyfyacademy0,
30,tehranboardgame,
31,gonchdavtyanmonch,
32,saraahmed88851,
33,abbasakbari10010,
34,tahora79gh,
35,i_z_i_z_i_z,
36,rezaeisinaa,
37,maryam._.hazari,
38,hoseintakkk12,
39,sani_.rz,
40,sajadmt607,
41,paniz7011,
42,toiym.c,
43,nadiiiia_asadi,
44,samanssss1234,
45,amirjojo9648,
46,barbodasadizadeh,
47,ahmad.reza20002018,
48,marmar35186,
49,narcisnarges7,
50,mhars1080,
51,yasi_mtx,
52,mezon_aroosi1,
53,ali.tjh1,
54,kingpoker1984,
55,reza.rr.76,
56,amdmidi10,
57,sara.amiri0021,
58,mmm2344r7,
59,shahre_meh_gerefte,
60,__itssayeh,
61,amir_mj222123,
62,talaa8213,
63,dream.giirll,
64,amirasghari1267,
65,ghazzzzzal,
66,miss_negar1300,
67,amirmohamad008barati,
68,ehvjvddsvv,
69,zari.sh1002,
70,esi.hichkas.0098,
71,aminsafa.pv9,
72,zawyakam,
73,amdmidi15,
74,afikafipor50,
75,cbc1304,
76,nightking4114b,
77,duarinax,
78,amdmidi12,
79,fahimehuj,
80,mehdirasoli1994,
81,dinari.7874,
82,aligozoo89,
83,y_s_59,
84,soudeh4686,
85,io.kng,
86,fylmhyshqnh,
87,lthebossl38,
88,payam_1918,
89,adamkhob_0633,
90,mohamad.ch1379yy,
91,clip_993,
92,nazanin.ho3ini,
93,dr.haniee82,
94,anamm.123,
95,alaky200,
96,zkohi14,
97,reza.mosave1381,
98,noroz2630,
99,dokhi.805,
100,askzalo30,
101,milad_rstd1,
102,atrin._xx,
103,bad_boy_turk_ard,
104,yadegarrrrr7,
105,1676mmm,
106,sinasinasinasina21,
107,sickbrainsoldier,
108,nazar_7040,
109,milad_taje,
110,nona_ahmdii,
111,parva6374,
112,minoo_semi,
113,a.golizade1370,
114,irant112,
115,maziyarshams.music,
116,ilesadat,
117,qzlab,
118,parastoo._.ss,
119,linori2019,
120,a.s.n.2333,
121,javad.kharjiii1376,
122,federiqa17,
123,parisa_abdzde,
124,sasan.aliari,
125,arminf05,
126,mohammadd1623,
127,raha_art77,
128,majid.majid.majid8,
129,sarsanginha,
130,papet_shitzu,
131,09386141376a2019,
132,osheereeno,
133,american.17,
134,iranchapgareshop1,
135,zman_alzamle,
136,mmmfarhadza,
137,ali_tranzit13771,
138,ali.saadi.0921,
139,hkdkkdoskn,
140,adel.irani2014,
141,mohamadreza.6213812019,
142,omid.op69,
143,badam100108,
144,jamali.80m,
145,daniyalkalantari9662017,
146,j.rah82,
147,silion6501,
148,samad10105,
149,rozi._81,
150,iranerika,
151,takhar38,
152,beautyfyacademy0,
153,tehranboardgame,
154,gonchdavtyanmonch,
155,saraahmed88851,
156,abbasakbari10010,
157,tahora79gh,
158,i_z_i_z_i_z,
159,rezaeisinaa,
160,maryam._.hazari,
161,hoseintakkk12,
162,sani_.rz,
163,sajadmt607,
164,paniz7011,
165,toiym.c,
166,nadiiiia_asadi,
167,samanssss1234,
168,amirjojo9648,
169,barbodasadizadeh,
170,ahmad.reza20002018,
171,marmar35186,
172,narcisnarges7,
173,mhars1080,
174,yasi_mtx,
175,mezon_aroosi1,
176,ali.tjh1,
177,kingpoker1984,
178,reza.rr.76,
179,amdmidi10,
180,sara.amiri0021,
181,mmm2344r7,
182,shahre_meh_gerefte,
183,__itssayeh,
184,amir_mj222123,
185,talaa8213,
186,dream.giirll,
187,amirasghari1267,
188,ghazzzzzal,
189,miss_negar1300,
190,amirmohamad008barati,
191,ehvjvddsvv,
192,zari.sh1002,
193,esi.hichkas.0098,
194,aminsafa.pv9,
195,zawyakam,
196,amdmidi15,
197,afikafipor50,
198,cbc1304,
199,nightking4114b,
200,duarinax,
201,amdmidi12,
202,fahimehuj,
203,mehdirasoli1994,
204,dinari.7874,
205,aligozoo89,
206,y_s_59,
207,soudeh4686,
208,io.kng,
209,fylmhyshqnh,
210,lthebossl38,
211,takhar38,
212,beautyfyacademy0,
213,tehranboardgame,
214,gonchdavtyanmonch,
215,saraahmed88851,
216,abbasakbari10010,
217,takhar38,
218,beautyfyacademy0,
219,tehranboardgame,
220,gonchdavtyanmonch,
221,saraahmed88851,
222,abbasakbari10010,
223,takhar38,
224,beautyfyacademy0,
225,tehranboardgame,
226,gonchdavtyanmonch,
227,saraahmed88851,
228,abbasakbari10010,
229,tahora79gh,
230,takhar38,
231,beautyfyacademy0,
232,tehranboardgame,
233,gonchdavtyanmonch,
234,saraahmed88851,
235,abbasakbari10010,
236,tahora79gh,
237,i_z_i_z_i_z,
238,takhar38,
239,beautyfyacademy0,
240,tehranboardgame,
241,gonchdavtyanmonch,
242,saraahmed88851,
243,abbasakbari10010,
244,tahora79gh,
245,i_z_i_z_i_z,
246,rezaeisinaa,
247,maryam._.hazari,
248,hoseintakkk12,
249,sani_.rz,
250,sajadmt607,
251,paniz7011,
252,toiym.c,
253,nadiiiia_asadi,
254,samanssss1234,
255,amirjojo9648,
256,barbodasadizadeh,
257,ahmad.reza20002018,
258,marmar35186,
259,narcisnarges7,
260,mhars1080,
261,yasi_mtx,
262,mezon_aroosi1,
263,ali.tjh1,
264,kingpoker1984,
265,reza.rr.76,
266,amdmidi10,
267,sara.amiri0021,
268,mmm2344r7,
269,shahre_meh_gerefte,
270,__itssayeh,
271,amir_mj222123,
272,talaa8213,
273,dream.giirll,
274,amirasghari1267,
275,ghazzzzzal,
276,miss_negar1300,
277,amirmohamad008barati,
278,ehvjvddsvv,
279,zari.sh1002,
280,esi.hichkas.0098,
281,aminsafa.pv9,
282,zawyakam,
283,amdmidi15,
284,afikafipor50,
285,cbc1304,
286,nightking4114b,
287,duarinax,
288,amdmidi12,
289,fahimehuj,
290,mehdirasoli1994,
291,dinari.7874,
292,aligozoo89,
293,y_s_59,
294,soudeh4686,
295,io.kng,
296,fylmhyshqnh,
297,lthebossl38,
298,payam_1918,
299,adamkhob_0633,
300,mohamad.ch1379yy,
301,clip_993,
302,nazanin.ho3ini,
303,dr.haniee82,
304,anamm.123,
305,alaky200,
306,zkohi14,
307,reza.mosave1381,
308,noroz2630,
309,dokhi.805,
310,askzalo30,
311,milad_rstd1,
312,atrin._xx,
313,bad_boy_turk_ard,
314,yadegarrrrr7,
315,1676mmm,
316,sinasinasinasina21,
317,sickbrainsoldier,
318,nazar_7040,
319,milad_taje,
320,nona_ahmdii,
321,parva6374,
322,minoo_semi,
323,a.golizade1370,
324,irant112,
325,maziyarshams.music,
326,ilesadat,
327,qzlab,
328,parastoo._.ss,
329,linori2019,
330,a.s.n.2333,
331,javad.kharjiii1376,
332,federiqa17,
333,parisa_abdzde,
334,sasan.aliari,
335,arminf05,
336,mohammadd1623,
337,raha_art77,
338,majid.majid.majid8,
339,sarsanginha,
340,papet_shitzu,
341,09386141376a2019,
342,osheereeno,
343,american.17,
344,iranchapgareshop1,
345,zman_alzamle,
346,mmmfarhadza,
347,ali_tranzit13771,
348,ali.saadi.0921,
349,hkdkkdoskn,
350,adel.irani2014,
351,mohamadreza.6213812019,
352,omid.op69,
353,badam100108,
354,jamali.80m,
355,daniyalkalantari9662017,
356,j.rah82,
357,silion6501,
358,samad10105,
359,rozi._81,
360,iranerika,
361,hasti.n9ne,
362,takhar38,
363,beautyfyacademy0,
364,tehranboardgame,
365,gonchdavtyanmonch,
366,saraahmed88851,
367,abbasakbari10010,
368,tahora79gh,
369,i_z_i_z_i_z,
370,rezaeisinaa,
371,maryam._.hazari,
372,hoseintakkk12,
373,sani_.rz,
374,sajadmt607,
375,paniz7011,
376,toiym.c,
377,nadiiiia_asadi,
378,samanssss1234,
379,amirjojo9648,
380,barbodasadizadeh,
381,ahmad.reza20002018,
382,marmar35186,
383,narcisnarges7,
384,mhars1080,
385,yasi_mtx,
386,mezon_aroosi1,
387,ali.tjh1,
388,kingpoker1984,
389,reza.rr.76,
390,amdmidi10,
391,sara.amiri0021,
392,mmm2344r7,
393,shahre_meh_gerefte,
394,__itssayeh,
395,amir_mj222123,
396,talaa8213,
397,dream.giirll,
398,amirasghari1267,
399,ghazzzzzal,
400,miss_negar1300,
401,amirmohamad008barati,
402,ehvjvddsvv,
403,zari.sh1002,
404,esi.hichkas.0098,
405,aminsafa.pv9,
406,zawyakam,
407,amdmidi15,
408,afikafipor50,
409,cbc1304,
410,nightking4114b,
411,duarinax,
412,amdmidi12,
413,fahimehuj,
414,mehdirasoli1994,
415,dinari.7874,
416,aligozoo89,
417,y_s_59,
418,soudeh4686,
419,io.kng,
420,fylmhyshqnh,
421,lthebossl38,
422,payam_1918,
423,adamkhob_0633,
